{
    "epochs": [
        1,
        2,
        3,
        4,
        5
    ],
    "losses": [
        0.37169232125137225,
        0.16013180880539551,
        0.10345055865557083,
        0.06905879376783339,
        0.04732455392171637
    ],
    "accuracies": [
        0.07556427870461237,
        0.2365063788027478,
        0.4337585868498528,
        0.6143277723258096,
        0.7909715407262021
    ],
    "precisions": [
        0.23994499828119628,
        0.839622641509434,
        0.9534246575342465,
        0.9849100406268136,
        0.9948849104859335
    ],
    "recalls": [
        0.3198900091659028,
        0.4486709440879927,
        0.6379468377635197,
        0.7777268560953254,
        0.891384051329056
    ],
    "f1s": [
        0.2742093891180515,
        0.5848267622461171,
        0.7644151565074135,
        0.8691421254801537,
        0.9402948996857626
    ]
}